{"format":2,"version":"6.5.0","globals":"225f4943ba474fab38f122dc32445d06","files":{"final_py":{"hash":"f92f85d1fe5dfce4f1d7e01995667006","index":{"nums":[0,1,244,0,37,0,0,0],"html_filename":"final_py.html","relative_filename":"final.py"}},"test_py":{"hash":"515ce23d2f58d274dec176baaad58018","index":{"nums":[0,1,34,0,0,0,0,0],"html_filename":"test_py.html","relative_filename":"test.py"}},"data_analysis_py":{"hash":"b345322e4efb1ac58113b51a1cac7626","index":{"nums":[0,1,239,0,0,0,0,0],"html_filename":"data_analysis_py.html","relative_filename":"data_analysis.py"}}}}